<?xml version="1.0"?>
<doc>
    <assembly>
        <name>SiliconStudio.Xenko.VirtualReality</name>
    </assembly>
    <members>
        <member name="P:SiliconStudio.Xenko.VirtualReality.VRDevice.ViewScaling">
            <summary>
            Allows you to scale the view, effectively it will change the size of the player in respect to the world, turning it into a giant or a tiny ant.
            </summary>
            <remarks>This will reduce the near clip plane of the cameras, it might induce depth issues.</remarks>
        </member>
        <member name="F:SiliconStudio.Xenko.VirtualReality.OculusOvr.SessionStatus.IsVisible">
            <summary>
            True if the process has VR focus and thus is visible in the HMD.
            </summary>
        </member>
        <member name="F:SiliconStudio.Xenko.VirtualReality.OculusOvr.SessionStatus.HmdPresent">
            <summary>
            True if an HMD is present.
            </summary>
        </member>
        <member name="F:SiliconStudio.Xenko.VirtualReality.OculusOvr.SessionStatus.HmdMounted">
            <summary>
            True if the HMD is on the user's head.
            </summary>
        </member>
        <member name="F:SiliconStudio.Xenko.VirtualReality.OculusOvr.SessionStatus.DisplayLost">
            <summary>
            True if the session is in a display-lost state. See ovr_SubmitFrame.
            </summary>
        </member>
        <member name="F:SiliconStudio.Xenko.VirtualReality.OculusOvr.SessionStatus.ShouldQuit">
            <summary>
            True if the application should initiate shutdown.    
            </summary>
        </member>
        <member name="F:SiliconStudio.Xenko.VirtualReality.OculusOvr.SessionStatus.ShouldRecenter">
            <summary>
            True if UX has requested re-centering. 
            </summary>
        </member>
        <member name="M:SiliconStudio.Xenko.VirtualReality.TouchController.IsPressedDown(SiliconStudio.Xenko.VirtualReality.TouchControllerButton)">
            <summary>
            Returns true if in this frame the button switched to pressed state
            </summary>
            <param name="button"></param>
            <returns></returns>
        </member>
        <member name="M:SiliconStudio.Xenko.VirtualReality.TouchController.IsPressed(SiliconStudio.Xenko.VirtualReality.TouchControllerButton)">
            <summary>
            Returns true if button switched is in the pressed state
            </summary>
            <param name="button"></param>
            <returns></returns>
        </member>
        <member name="M:SiliconStudio.Xenko.VirtualReality.TouchController.IsPressReleased(SiliconStudio.Xenko.VirtualReality.TouchControllerButton)">
            <summary>
            Returns true if in this frame the button was released
            </summary>
            <param name="button"></param>
            <returns></returns>
        </member>
        <member name="M:SiliconStudio.Xenko.VirtualReality.TouchController.IsTouchedDown(SiliconStudio.Xenko.VirtualReality.TouchControllerButton)">
            <summary>
            Returns true if in this frame the button switched to pressed state
            </summary>
            <param name="button"></param>
            <returns></returns>
        </member>
        <member name="M:SiliconStudio.Xenko.VirtualReality.TouchController.IsTouched(SiliconStudio.Xenko.VirtualReality.TouchControllerButton)">
            <summary>
            Returns true if button switched is in the pressed state
            </summary>
            <param name="button"></param>
            <returns></returns>
        </member>
        <member name="M:SiliconStudio.Xenko.VirtualReality.TouchController.IsTouchReleased(SiliconStudio.Xenko.VirtualReality.TouchControllerButton)">
            <summary>
            Returns true if in this frame the button was released
            </summary>
            <param name="button"></param>
            <returns></returns>
        </member>
        <member name="F:SiliconStudio.Xenko.VirtualReality.TouchControllerButton.Thumbstick">
            <summary>
            Oculus: Thumbstick
            Vive: Thumb trackpad
            </summary>
        </member>
        <member name="F:SiliconStudio.Xenko.VirtualReality.TouchControllerButton.A">
            <summary>
            Oculus: A
            </summary>
        </member>
        <member name="F:SiliconStudio.Xenko.VirtualReality.TouchControllerButton.B">
            <summary>
            Oculus: B
            </summary>
        </member>
        <member name="F:SiliconStudio.Xenko.VirtualReality.TouchControllerButton.X">
            <summary>
            Oculus: X
            </summary>
        </member>
        <member name="F:SiliconStudio.Xenko.VirtualReality.TouchControllerButton.Y">
            <summary>
            Oculus: Y
            </summary>
        </member>
        <member name="F:SiliconStudio.Xenko.VirtualReality.TouchControllerButton.Trigger">
            <summary>
            Oculus: Trigger
            Vive : Trigger
            </summary>
        </member>
        <member name="F:SiliconStudio.Xenko.VirtualReality.TouchControllerButton.Grip">
            <summary>
            Oculus: Grip
            Vive: Grip
            </summary>
        </member>
        <member name="F:SiliconStudio.Xenko.VirtualReality.TouchControllerButton.Menu">
            <summary>
            Oculus: Left controller menu button
            Vive: Both controllers menu button
            </summary>
        </member>
        <member name="T:SiliconStudio.XenkoVersion">
            <summary>
            Internal version used to identify Xenko version.
            </summary>
            <remarks>
            Note: Xenko.xkpkg and PublicVersion versions should match.
            Also, during package build, PackageUpdateVersionTask is updating that file and expect some specific text regex so be careful if you change any of this.
            </remarks>
        </member>
        <member name="F:SiliconStudio.XenkoVersion.CopyrightYear">
            <summary>
            The copyright year or year range.
            </summary>
        </member>
        <member name="F:SiliconStudio.XenkoVersion.PublicVersion">
            <summary>
            The version used by editor for display purpose. 4th digit needs to be at least 1 if used (due to NuGet special cases).
            </summary>
        </member>
        <member name="F:SiliconStudio.XenkoVersion.AssemblyVersion">
            <summary>
            The current assembly version as text, currently same as <see cref="F:SiliconStudio.XenkoVersion.PublicVersion"/>.
            </summary>
        </member>
        <member name="F:SiliconStudio.XenkoVersion.NuGetVersionSimple">
            <summary>
            The NuGet package version without special tags.
            </summary>
        </member>
        <member name="F:SiliconStudio.XenkoVersion.NuGetVersion">
            <summary>
            The NuGet package version.
            </summary>
        </member>
        <member name="F:SiliconStudio.XenkoVersion.NuGetVersionSuffix">
            <summary>
            The NuGet package suffix (i.e. -beta01). Note: might be replaced during package build.
            </summary>
        </member>
        <member name="F:SiliconStudio.XenkoVersion.AssemblyInformationalVersion">
            <summary>
            The informational assembly version, containing -dev or -g[git_hash] during package.
            </summary>
        </member>
        <member name="F:SiliconStudio.XenkoVersion.AssemblyInformationalSuffix">
            <summary>
            The assembly suffix. Note: replaced by git commit during package build.
            </summary>
        </member>
        <member name="M:Valve.VR.OpenVR.Init(Valve.VR.EVRInitError@,Valve.VR.EVRApplicationType)">
            Finds the active installation of vrclient.dll and initializes it 
        </member>
        <member name="M:Valve.VR.OpenVR.Shutdown">
            unloads vrclient.dll. Any interface pointers from the interface are
            invalid after this point 
        </member>
    </members>
</doc>
