<?xml version="1.0"?>
<doc>
    <assembly>
        <name>Xenko.Video</name>
    </assembly>
    <members>
        <member name="T:Xenko.Video.FFmpeg.FFmpegCodec">
            <summary>
            Represents a codec.
            </summary>
            <seealso cref="T:FFmpeg.AutoGen.AVCodec"/>
            <seealso cref="T:FFmpeg.AutoGen.AVCodecContext"/>
        </member>
        <member name="M:Xenko.Video.FFmpeg.FFmpegCodec.#ctor(Xenko.Graphics.GraphicsDevice,FFmpeg.AutoGen.AVCodecContext*)">
            <summary>
            Initializes a new instance of the <see cref="T:Xenko.Video.FFmpeg.FFmpegCodec"/> class.
            </summary>
        </member>
        <member name="T:Xenko.Video.FFmpeg.FFmpegMedia">
            <summary>
            Represents a media, i.e. a context with a collection of streams and associated codecs from a unique source.
            </summary>
            <seealso cref="!:FFmpeg.AutoGen.AVFormatContext"/>
        </member>
        <member name="M:Xenko.Video.FFmpeg.FFmpegMedia.#ctor(Xenko.Graphics.GraphicsDevice)">
            <summary>
            Initializes a new instance of the <see cref="T:Xenko.Video.FFmpeg.FFmpegMedia"/> class.
            </summary>
        </member>
        <member name="P:Xenko.Video.FFmpeg.FFmpegMedia.Duration">
            <summary>
            The duration of the media.
            </summary>
        </member>
        <member name="P:Xenko.Video.FFmpeg.FFmpegMedia.Streams">
            <summary>
            A collection of streams retrieved from this media.
            </summary>
            <remarks>
            The collection is empty until the media is open.
            </remarks>
        </member>
        <member name="P:Xenko.Video.FFmpeg.FFmpegMedia.Url">
            <summary>
            The url to the media.
            </summary>
            <remarks>
            It can include a specific protocol such as http or subfile.
            </remarks>
        </member>
        <member name="M:Xenko.Video.FFmpeg.FFmpegMedia.Dispose">
            <inheritdoc />
        </member>
        <member name="M:Xenko.Video.FFmpeg.FFmpegMedia.Open(System.String,System.Int64,System.Int64)">
            <summary>
            Opens this media.
            </summary>
            <remarks>
            Once the media is open, the collection of <see cref="P:Xenko.Video.FFmpeg.FFmpegMedia.Streams"/> is populated.
            </remarks>
        </member>
        <member name="M:Xenko.Video.FFmpeg.FFmpegMedia.IsStereoscopicVideo(Xenko.Video.FFmpeg.FFmpegStream)">
            <summary>
            Returns true if the provided stream is a stereoscopic video.
            </summary>
            <remarks>This function may read the first frame of the video if necessary</remarks>
            <param name="stream"></param>
            <returns></returns>
        </member>
        <member name="M:Xenko.Video.FFmpeg.FFmpegMedia.ExtractNextImage(Xenko.Video.FFmpeg.FFmpegMedia.StreamInfo,FFmpeg.AutoGen.AVPacket*,FFmpeg.AutoGen.AVStream*,FFmpeg.AutoGen.byte_ptrArray4,FFmpeg.AutoGen.int_array4)">
            <returns>return true if reached end of stream</returns>
        </member>
        <member name="T:Xenko.Video.FFmpeg.FFmpegStream">
            <summary>
            Represents a single stream from a FFmpeg media.
            </summary>
            <seealso cref="T:FFmpeg.AutoGen.AVStream"/>
        </member>
        <member name="F:Xenko.Video.FFmpeg.FFmpegStream.AVStream">
            <summary>
            A pointer to the underlying stream.
            </summary>
        </member>
        <member name="F:Xenko.Video.FFmpeg.FFmpegStream.Media">
            <summary>
            The media this stream belongs to.
            </summary>
        </member>
        <member name="M:Xenko.Video.FFmpeg.FFmpegStream.#ctor(FFmpeg.AutoGen.AVStream*,Xenko.Video.FFmpeg.FFmpegMedia)">
            <summary>
            Initializes a new instance of the <see cref="T:Xenko.Video.FFmpeg.FFmpegStream"/> class.
            </summary>
        </member>
        <member name="P:Xenko.Video.FFmpeg.FFmpegStream.Codec">
            <summary>
            The codec of the media.
            </summary>
        </member>
        <member name="P:Xenko.Video.FFmpeg.FFmpegStream.Duration">
            <summary>
            The duration of the media this stream belongs to.
            </summary>
        </member>
        <member name="P:Xenko.Video.FFmpeg.FFmpegStream.Index">
            <summary>
            The index of this stream in the associated format context.
            </summary>
            <seealso cref="T:FFmpeg.AutoGen.AVFormatContext"/>
        </member>
        <member name="P:Xenko.Video.FFmpeg.FFmpegStream.Type">
            <summary>
            The type of this stream.
            </summary>
        </member>
        <member name="M:Xenko.Video.FFmpeg.FFmpegStream.Create(FFmpeg.AutoGen.AVStream*,Xenko.Video.FFmpeg.FFmpegMedia)">
            <summary>
            Creates a new instance of <see cref="T:Xenko.Video.FFmpeg.FFmpegStream"/> from the provided <paramref name="pStream"/>.
            </summary>
            <param name="pStream">A pointer to the underlying stream.</param>
            <param name="media">The media containing this stream.</param>
            <returns></returns>
            <remarks>
            The actual type of the returned instance depends on the type of stream.
            </remarks>
            <seealso cref="T:Xenko.Video.FFmpeg.AudioStream"/>
            <seealso cref="T:Xenko.Video.FFmpeg.SubtitleStream"/>
            <seealso cref="T:Xenko.Video.FFmpeg.VideoStream"/>
        </member>
        <member name="M:Xenko.Video.FFmpeg.FFmpegStream.TimestampToTime(System.Int64)">
            <summary>
            Converts a timestamp to a real-time value.
            </summary>
            <param name="timestamp"></param>
            <returns></returns>
        </member>
        <member name="M:Xenko.Video.FFmpeg.FFmpegStream.TimeToTimestamp(System.TimeSpan)">
            <summary>
            Converts a real-time value to the corresponding timestamp.
            </summary>
            <param name="time"></param>
            <returns></returns>
        </member>
        <member name="T:Xenko.Video.FFmpeg.AudioStream">
            <summary>
            Represents an audio stream from a FFmpeg media.
            </summary>
        </member>
        <member name="P:Xenko.Video.FFmpeg.AudioStream.ChannelCount">
            <summary>
            The number of audio channels in the stream.
            </summary>
        </member>
        <member name="P:Xenko.Video.FFmpeg.AudioStream.SampleRate">
            <summary>
            The number of audio samples per second.
            </summary>
        </member>
        <member name="P:Xenko.Video.FFmpeg.AudioStream.Type">
            <inheritdoc />
        </member>
        <member name="T:Xenko.Video.FFmpeg.SubtitleStream">
            <summary>
            Represents a subtitle stream from a FFmpeg media.
            </summary>
        </member>
        <member name="P:Xenko.Video.FFmpeg.SubtitleStream.Type">
            <inheritdoc />
        </member>
        <member name="T:Xenko.Video.FFmpeg.VideoStream">
            <summary>
            Represents a video stream from a FFmpeg media.
            </summary>
        </member>
        <member name="P:Xenko.Video.FFmpeg.VideoStream.FPS">
            <summary>
            Video frames per second.
            </summary>
        </member>
        <member name="P:Xenko.Video.FFmpeg.VideoStream.FrameDuration">
            <summary>
            Time interval between two frames.
            </summary>
            <remarks>
            Is it equal to the inverse of <see cref="P:Xenko.Video.FFmpeg.VideoStream.FPS"/>.
            </remarks>
        </member>
        <member name="P:Xenko.Video.FFmpeg.VideoStream.PixelFormat">
            <summary>
            The pixel format of the encoded video.
            </summary>
        </member>
        <member name="P:Xenko.Video.FFmpeg.VideoStream.Type">
            <inheritdoc />
        </member>
        <member name="P:Xenko.Video.FFmpeg.VideoStream.Height">
            <summary>
            The height of a frame in the video, in pixels.
            </summary>
        </member>
        <member name="P:Xenko.Video.FFmpeg.VideoStream.Width">
            <summary>
            The width of a frame in the video, in pixels.
            </summary>
        </member>
        <member name="T:Xenko.Video.FFmpeg.FFmpegUtils">
            <summary>
            Collection of utilities when invoking <see cref="N:FFmpeg.AutoGen"/>.
            </summary>
        </member>
        <member name="M:Xenko.Video.FFmpeg.FFmpegUtils.Initialize">
            <summary>
            Initialize FFmpeg.
            </summary>
        </member>
        <member name="M:Xenko.Video.FFmpeg.FFmpegUtils.PreloadLibraries">
            <summary>
            Preload all FFmpeg libraries.
            </summary>
            <remarks>
            Must be called before any attempt to use FFmpeg API or this will have no effect.
            </remarks>
        </member>
        <member name="M:Xenko.Video.FFmpeg.FFmpegUtils.ToDictionary(FFmpeg.AutoGen.AVDictionary*)">
            <summary>
            Converts a <see cref="T:FFmpeg.AutoGen.AVDictionary"/>* to a Dictionary&lt;string,string&gt;.
            </summary>
            <param name="avDictionary">A pointer to a <see cref="T:FFmpeg.AutoGen.AVDictionary"/> struct</param>
            <returns>A new dictionary containing a copy of all entries.</returns>
        </member>
        <member name="T:Xenko.Video.Video">
            <summary>
            Video content.
            </summary>
        </member>
        <member name="T:Xenko.Video.VideoComponent">
            <summary>
            Component representing a video.
            </summary>
            <remarks>
            <para>
            Associate this component to an entity to render a video into a texture.
            </para>
            </remarks>
        </member>
        <member name="P:Xenko.Video.VideoComponent.Source">
            <summary>
            The source video.
            </summary>
            <userdoc>
            The video asset used as a source.
            </userdoc>
        </member>
        <member name="P:Xenko.Video.VideoComponent.Target">
            <summary>
            The target texture where frames from the video will be rendered.
            </summary>
            <userdoc>
            A texture used as target from rendering the frames of the video.
            </userdoc>
        </member>
        <member name="P:Xenko.Video.VideoComponent.LoopVideo">
            <summary>
            If activated, the video will automatically restart when reaching the end
            </summary>
            <userdoc>
            If activated, the video will automatically restart when reaching the end
            </userdoc>
        </member>
        <member name="P:Xenko.Video.VideoComponent.MaxMipMapCount">
            <summary>
            Defines the maximum number of mip maps that will be generated for the video texture.
            </summary>
            <userdoc>
            The maximum number of mip maps to generate for the video texture.
            </userdoc>
        </member>
        <member name="P:Xenko.Video.VideoComponent.PlayAudio">
            <summary>
            If activated, the video's audio track will be played
            </summary>
            <userdoc>
            If activated, the video's audio track will be played
            </userdoc>
        </member>
        <member name="P:Xenko.Video.VideoComponent.AudioEmitters">
            <summary>
            The list of audioEmitteur components.
            </summary>
        </member>
        <member name="T:Xenko.Video.VideoImage">
            <summary>
            Represents an image extracted from a video.
            </summary>
        </member>
        <member name="M:Xenko.Video.VideoImage.#ctor(System.Int32,System.Int32,System.Int32)">
            <summary>
            Initializes a new instance of the <see cref="T:Xenko.Video.VideoImage"/> class.
            </summary>
        </member>
        <member name="P:Xenko.Video.VideoImage.Buffer">
            <summary>
            Buffer to the image data.
            </summary>
        </member>
        <member name="P:Xenko.Video.VideoImage.BufferSize">
            <summary>
            Size of the buffer in bytes.
            </summary>
        </member>
        <member name="P:Xenko.Video.VideoImage.Height">
            <summary>
            Image height.
            </summary>
        </member>
        <member name="P:Xenko.Video.VideoImage.Width">
            <summary>
            Image width.
            </summary>
        </member>
        <member name="M:Xenko.Video.VideoInstance.#ctor(Xenko.Core.IServiceRegistry,Xenko.Video.VideoComponent)">
            <summary>
            Initializes a new instance of the <see cref="T:Xenko.Video.VideoInstance"/> class.
            </summary>
            <param name="services">The service provider.</param>
            <param name="videoComponent">The video component associated with this instance</param>
        </member>
        <member name="P:Xenko.Video.VideoInstance.Duration">
            <summary>
            The duration of the video.
            </summary>
        </member>
        <member name="P:Xenko.Video.VideoInstance.PlayState">
            <summary>
            The current state of the video.
            </summary>
        </member>
        <member name="P:Xenko.Video.VideoInstance.SpeedFactor">
            <summary>
            Applies a speed factor the to the video playback. The default value is <c>1.0f</c>.
            </summary>
        </member>
        <member name="P:Xenko.Video.VideoInstance.IsLooping">
            <summary>
            Define if the video loop or not after reaching the end of the range
            </summary>
        </member>
        <member name="P:Xenko.Video.VideoInstance.LoopRange">
            <summary>
            if Loop is set to true: set the time at which we restart the video when we arrive at LoopRangeEnd 
            </summary>
        </member>
        <member name="P:Xenko.Video.VideoInstance.Volume">
            <summary>
            The global volume at which the sound is played.
            </summary>
            <remarks>Volume is ranging from 0.0f (silence) to 1.0f (full volume). Values beyond those limits are clamped.</remarks>
        </member>
        <member name="M:Xenko.Video.VideoInstance.Release">
            <summary>
            Release the VideoInstance
            </summary>
        </member>
        <member name="M:Xenko.Video.VideoInstance.Play">
            <summary>
            Plays or resumes the video.
            </summary>
            <remarks>
            If the video was stopped, plays from the beginning. If the video was paused, resumes playing.
            If the video is already playing, this method does nothing.
            </remarks>
        </member>
        <member name="M:Xenko.Video.VideoInstance.Pause">
            <summary>
            Pauses the video.
            </summary>
        </member>
        <member name="M:Xenko.Video.VideoInstance.Seek(System.TimeSpan)">
            <summary>
            Seeks the video to the provided <paramref name="time"/>.
            </summary>
            <param name="time"></param>
        </member>
        <member name="M:Xenko.Video.VideoInstance.RestartVideo">
            <summary>
            Restarts the video from the beginning.
            </summary>
        </member>
        <member name="M:Xenko.Video.VideoInstance.Stop">
            <summary>
            Stops the video.
            </summary>
            <remarks>
            The resources used by the video are also released.
            </remarks>
        </member>
        <member name="M:Xenko.Video.VideoInstance.Update(System.TimeSpan)">
            <summary>
            Advances the play time to the provided <paramref name="elapsed"/> time.
            </summary>
            <param name="elapsed"></param>
            <returns><c>true</c> if </returns>
        </member>
        <member name="M:Xenko.Video.VideoInstance.OnPause">
            <inheritdoc />
        </member>
        <member name="M:Xenko.Video.VideoInstance.OnResume">
            <inheritdoc />
        </member>
        <member name="M:Xenko.Video.VideoInstance.OnPlaybackCallback(SharpDX.MediaFoundation.MediaEngineEvent,System.Int64,System.Int32)">
            <summary>
            Called when [playback callback].
            </summary>
            <param name="playEvent">The play event.</param>
            <param name="param1">The param1.</param>
            <param name="param2">The param2.</param>
        </member>
        <member name="T:Xenko.Video.Rendering.VideoProcessor">
            <summary>
            Processor in charge of updating the <see cref="T:Xenko.Video.VideoComponent"/>s.
            </summary>
        </member>
        <member name="F:Xenko.Video.Rendering.VideoProcessor.Logger">
            <summary>
            The logger of the <see cref="T:Xenko.Video.Rendering.VideoProcessor"/>.
            </summary>
        </member>
        <member name="M:Xenko.Video.Rendering.VideoProcessor.Draw(Xenko.Rendering.RenderContext)">
            <inheritdoc />
        </member>
        <member name="M:Xenko.Video.Rendering.VideoProcessor.GenerateComponentData(Xenko.Engine.Entity,Xenko.Video.VideoComponent)">
            <inheritdoc />
        </member>
        <member name="M:Xenko.Video.Rendering.VideoProcessor.IsAssociatedDataValid(Xenko.Engine.Entity,Xenko.Video.VideoComponent,Xenko.Video.Rendering.VideoProcessor.AssociatedData)">
            <inheritdoc />
        </member>
        <member name="M:Xenko.Video.Rendering.VideoProcessor.OnEntityComponentAdding(Xenko.Engine.Entity,Xenko.Video.VideoComponent,Xenko.Video.Rendering.VideoProcessor.AssociatedData)">
            <inheritdoc />
        </member>
        <member name="M:Xenko.Video.Rendering.VideoProcessor.OnEntityComponentRemoved(Xenko.Engine.Entity,Xenko.Video.VideoComponent,Xenko.Video.Rendering.VideoProcessor.AssociatedData)">
            <inheritdoc />
        </member>
        <member name="M:Xenko.Video.Rendering.VideoProcessor.OnSystemAdd">
            <inheritdoc />
        </member>
        <member name="F:Xenko.Video.VideoTexture.effectDecoderTextureCopy">
            <summary>
            Effect used to copy the <see cref="!:decoderOutputTexture"/> into the <see cref="F:Xenko.Video.VideoTexture.renderTargetTexture"/>.
            </summary>
        </member>
        <member name="F:Xenko.Video.VideoTexture.effectTexture2DCopy">
            <summary>
            Effect used to create mipmap inside the <see cref="F:Xenko.Video.VideoTexture.renderTargetTexture"/>
            </summary>
        </member>
        <member name="M:Xenko.Video.VideoTexture.UpdateTargetTexture(Xenko.Graphics.Texture)">
            <summary>
            Update the current target texture the video should be decoding into.
            </summary>
            <param name="newTargetTexture"></param>
        </member>
        <member name="M:Xenko.Video.VideoTexture.SetTargetContentToVideoStream(Xenko.Graphics.Texture)">
            <summary>
             Swap the mip mapped video texture with the one supplied. This way all references stay intact but the contents of the texture change.
            </summary>
        </member>
        <member name="M:Xenko.Video.VideoTexture.SetTargetContentToOriginalPlaceholder">
            <summary>
             Reverts the content of the target texture to the original placeholder.
            </summary>
        </member>
        <member name="T:Xenko.XenkoVersion">
            <summary>
            Internal version used to identify Xenko version.
            </summary>
            <remarks>
            Note: Xenko.xkpkg and PublicVersion versions should match.
            Also, during package build, PackageUpdateVersionTask is updating that file and expect some specific text regex so be careful if you change any of this.
            </remarks>
        </member>
        <member name="F:Xenko.XenkoVersion.PublicVersion">
            <summary>
            The version used by editor for display purpose. 4th digit needs to be at least 1 if used (due to NuGet special cases).
            </summary>
        </member>
        <member name="F:Xenko.XenkoVersion.AssemblyVersion">
            <summary>
            The current assembly version as text, currently same as <see cref="F:Xenko.XenkoVersion.PublicVersion"/>.
            </summary>
        </member>
        <member name="F:Xenko.XenkoVersion.NuGetVersionSimple">
            <summary>
            The NuGet package version without special tags.
            </summary>
        </member>
        <member name="F:Xenko.XenkoVersion.NuGetVersion">
            <summary>
            The NuGet package version.
            </summary>
        </member>
        <member name="F:Xenko.XenkoVersion.NuGetVersionSuffix">
            <summary>
            The NuGet package suffix (i.e. -beta01). Note: might be replaced during package build.
            </summary>
        </member>
        <member name="F:Xenko.XenkoVersion.AssemblyInformationalVersion">
            <summary>
            The informational assembly version, containing -dev or -g[git_hash] during package.
            </summary>
        </member>
        <member name="F:Xenko.XenkoVersion.AssemblyInformationalSuffix">
            <summary>
            The assembly suffix. Note: replaced by git commit during package build.
            </summary>
        </member>
    </members>
</doc>
