<?xml version="1.0"?>
<doc>
    <assembly>
        <name>Xenko.SpriteStudio.Runtime</name>
    </assembly>
    <members>
        <member name="P:Xenko.Engine.SpriteStudioComponent.RenderGroup">
            <summary>
            The render group for this component.
            </summary>
        </member>
        <member name="M:Xenko.SpriteStudio.Runtime.SpriteStudioNodeTransformLink.ComputeMatrix(System.Boolean,Xenko.Core.Mathematics.Matrix@)">
            <inheritdoc/>
        </member>
        <member name="P:Xenko.SpriteStudio.Runtime.SpriteStudioNodeLinkComponent.Target">
            <summary>
            Gets or sets the model which contains the hierarchy to use.
            </summary>
            <value>
            The model which contains the hierarchy to use.
            </value>
            <userdoc>The reference to the target entity to which attach the current entity. If null, parent will be used.</userdoc>
        </member>
        <member name="P:Xenko.SpriteStudio.Runtime.SpriteStudioNodeLinkComponent.NodeName">
            <summary>
            Gets or sets the name of the node.
            </summary>
            <value>
            The name of the node.
            </value>
            <userdoc>The name of node of the model of the target entity to which attach the current entity.</userdoc>
        </member>
        <member name="T:Xenko.XenkoVersion">
            <summary>
            Internal version used to identify Xenko version.
            </summary>
            <remarks>
            Note: Xenko.xkpkg and PublicVersion versions should match.
            Also, during package build, PackageUpdateVersionTask is updating that file and expect some specific text regex so be careful if you change any of this.
            </remarks>
        </member>
        <member name="F:Xenko.XenkoVersion.PublicVersion">
            <summary>
            The version used by editor for display purpose. 4th digit needs to be at least 1 if used (due to NuGet special cases).
            </summary>
        </member>
        <member name="F:Xenko.XenkoVersion.AssemblyVersion">
            <summary>
            The current assembly version as text, currently same as <see cref="F:Xenko.XenkoVersion.PublicVersion"/>.
            </summary>
        </member>
        <member name="F:Xenko.XenkoVersion.NuGetVersionSimple">
            <summary>
            The NuGet package version without special tags.
            </summary>
        </member>
        <member name="F:Xenko.XenkoVersion.NuGetVersion">
            <summary>
            The NuGet package version.
            </summary>
        </member>
        <member name="F:Xenko.XenkoVersion.NuGetVersionSuffix">
            <summary>
            The NuGet package suffix (i.e. -beta01). Note: might be replaced during package build.
            </summary>
        </member>
        <member name="F:Xenko.XenkoVersion.AssemblyInformationalVersion">
            <summary>
            The informational assembly version, containing -dev or -g[git_hash] during package.
            </summary>
        </member>
        <member name="F:Xenko.XenkoVersion.AssemblyInformationalSuffix">
            <summary>
            The assembly suffix. Note: replaced by git commit during package build.
            </summary>
        </member>
    </members>
</doc>
